id,prompt,answer,output,category,predicted,correct,minlogprob
01ef1e3e,"In Alice's Wonderland, a secret set of transformation rules is applied to equations. Below are a few examples:
'(-^} = }`
}'-]` = `<
[/*^< = /([
^}*'< = ^`['
^]*}] = ][(`
Now, determine the result for: ''+`!",[](,"We need to infer the transformation rule from the examples.

First, let me assign letters to each symbol:
' -> A
( -> B
^ -> C
} -> D
` -> E
] -> F
< -> G
/ -> H
[ -> I
* -> J
Operators:
- -> x
/ -> y
! -> z

Converting examples to letter form:

  「'(-^}」 = 「}`」:
    input:  ' ( - ^ } : ' -> A, ( -> B, - -> x, ^ -> C, } -> D -> AB x CD
    output: } ` : } -> D, ` -> E -> DE

  「}'-]`」 = 「`<」:
    input:  } ' - ] ` : } -> D, ' -> A, - -> x, ] -> F, ` -> E -> DA x FE
    output: < ` : < -> G, ` -> E -> GE

  「[/*^<」 = 「/([」:
    input:  [ / * ^ < : [ -> I, / -> y, * -> J, ^ -> C, < -> G -> I y JC G
    output: / ( [ : / -> H, ( -> B, [ -> I -> HBI

  「^}*'<」 = 「^`['」:
    input:  ^ } * ' < : ^ -> C, } -> D, * -> J, ' -> A, < -> G -> CD J AG
    output: ^ ` [ ' : ^ -> C, ` -> E, [ -> I, ' -> A -> CEIA

  「^]*}]」 = 「][(`」:
    input:  ^ ] * } ] : ^ -> C, ] -> F, * -> J, } -> D, ] -> F -> CF J DF
    output: ] [ ( ` : ] -> F, [ -> I, ( -> B, ` -> E -> FIBE

Each input is 5 characters: two symbol-digits, an operator, two more symbol-digits.
Operator y: unknown
Operator x: unknown

The question operator is z, which is unknown.
As the question operator is unknown, we default to concatenation.

Converting question ''+`!': ' ' + ` ! : ' -> A, ' -> A, + -> z, ` -> E, ! -> z -> AA z EZ

Applying to AA z EZ:
  concatenation(AA, EZ) = AA || EZ = AAEZ
  Converting back: A A E Z : A -> ', A -> ', E -> `, Z -> ! -> ''`!

I will now return the answer in \boxed{}
The answer in \boxed is
\boxed{'`!}
</think>
\boxed{'`!}",cryptarithm_guess,'`!,False,-0.6403793096542358
02902eb3,"In Alice's Wonderland, a secret set of transformation rules is applied to equations. Below are a few examples:
!&*%% = }%>%
%&-/> = $)
$]*&& = }&&}
Now, determine the result for: !!+$>",>/,"We need to infer the transformation rule from the examples.

First, let me assign letters to each symbol:
! -> A
& -> B
% -> C
} -> D
> -> E
% -> C
$ -> F
) -> G
] -> H
} -> D
} -> D
& -> B
} -> D
} -> D
} -> D
} -> D

Converting examples to letter form:

  「!&*%%」 = 「}%>%」:
    input:  ! & * % % : ! -> A, & -> B, * -> unknown, % -> C, % -> C -> AB?CC
    output: } % > % : } -> D, % -> C, > -> E, % -> C -> DCEC

  「%&-/>」 = 「$)」:
    input:  % & - / > : % -> C, & -> B, - -> unknown, / -> unknown, > -> E -> CB??E
    output: $ ) : $ -> F, ) -> G -> FG

  「$]*&&」 = 「}&&}」:
    input:  $ ] * & & : $ -> F, ] -> H, * -> unknown, & -> B, & -> B -> FH?BB
    output: } & & } : } -> D, & -> B, & -> B, } -> D -> DBBD

Each input is 5 characters: two symbol-digits, an operator, two more symbol-digits.
Operator '*' maps to unknown 'X'.

The question operator is '+', which is unknown. We will consider it as 'X'.

Converting question ""!!+$>"": ! ! + $ > : ! -> A, ! -> A, + -> X, $ -> F, > -> E -> AAXFE

We now consider the outputs of the examples to deduce the transformation:

  「!&*%%」 = 「}%>%」: AB?CC -> DCEC
  「%&-/>」 = 「$)」: CB??E -> FG
  「$]*&&」 = 「}&&}」: FH?BB -> DBBD

Each input is 5 characters: two symbol-digits, an operator, two more symbol-digits.
Operator '*' maps to unknown 'X'.

The question operator is '+', which is unknown. We will consider it as 'X'.

Converting question ""!!+$>"": ! ! + $ > : ! -> A, ! -> A, + -> X, $ -> F, > -> E -> AAXFE

Each input is 5 characters: two symbol-digits, an operator, two more symbol-digits.
Operator '+' maps to unknown 'X'.

Converting question ""AAXFE"": A A X F E

We now consider the outputs of the examples to deduce the transformation:

  「!&*%%」 = 「}%>%」: AB?CC -> DCEC
  「%&-/>」 = 「$)」: CB??E -> FG
  「$]*&&」 = 「}&&}」: FH?BB -> DBBD

Each input is 5 characters: two symbol-digits, an operator, two more symbol-digits.
Operator '*' maps to unknown 'X'.

The question operator is '+', which is unknown. We will consider it as 'X'.

Converting question ""!!+$>"": ! ! + $ > : ! -> A, ! -> A, + -> X, $ -> F, > -> E -> AAXFE

Each input is 5 characters: two symbol-digits, an operator, two more symbol-digits.
Operator '+' maps to unknown 'X'.

Converting question ""AAXFE"": A A X F E

Each input is 5 characters: two symbol-digits, an operator, two more symbol-digits.
Operator '*' maps to unknown 'X'.

The question operator is '+', which is unknown. We will consider it as 'X'.

Converting question ""!!+$>"": ! ! + $ > : ! -> A, ! -> A, + -> X, $ -> F, > -> E -> AAXFE

Each input is 5 characters: two symbol-digits, an operator, two more symbol-digits.
Operator '+' maps to unknown 'X'.

Converting question ""AAXFE"": A A X F E

Each input is 5 characters: two symbol-digits, an operator, two more symbol-digits.
Operator '*' maps to unknown 'X'.

The question operator is '+', which is unknown. We will consider it as 'X'.

Converting question ""!!+$>"": ! ! + $ > : ! -> A, ! -> A, + -> X, $ -> F, > -> E -> AAXFE

Each input is 5 characters: two symbol-digits, an operator, two more symbol-digits.
Operator '+' maps to unknown 'X'.

Converting question ""AAXFE"": A A X F E

Each input is 5 characters: two symbol-digits, an operator, two more symbol-digits.
Operator '*' maps to unknown 'X'.

The question operator is '+', which is unknown. We will consider it as 'X'.

Converting question ""!!+$>"": ! ! + $ > : ! -> A, ! -> A, + -> X, $ -> F, > -> E -> AAXFE

Each input is 5 characters: two symbol-digits, an operator, two more symbol-digits.
Operator '+' maps to unknown 'X'.

Converting question ""AAXFE"": A A X F E

Each input is 5 characters: two symbol-digits, an operator, two more symbol-digits.
Operator '*' maps to unknown 'X'.

The question operator is '+', which is unknown. We will consider it as 'X'.

Converting question ""!!+$>"": ! ! + $ > : ! -> A, ! -> A, + -> X, $ -> F, > -> E -> AAXFE

Each input is 5 characters: two symbol-digits, an operator, two more symbol-digits.
Operator '+' maps to unknown 'X'.

Converting question ""AAXFE"": A A X F E

Each input is 5 characters: two symbol-digits, an operator, two more symbol-digits.
Operator '*' maps to unknown 'X'.

The question operator is '+', which is unknown. We will consider it as 'X'.

Converting question ""!!+$>"": ! ! + $ > : ! -> A, ! -> A, + -> X, $ -> F, > -> E -> AAXFE

Each input is 5 characters: two symbol-digits, an operator, two more symbol-digits.
Operator '+' maps to unknown 'X'.

Converting question ""AAXFE"": A A X F E

Each input is 5 characters: two symbol-digits, an operator, two more symbol-digits.
Operator '*' maps to unknown 'X'.

The question operator is '+', which is unknown. We will consider it as 'X'.

Converting question ""!!+$>"": ! ! + $ > : ! -> A, ! -> A, + -> X, $ -> F, > -> E -> AAXFE

Each input is 5 characters: two symbol-digits, an operator, two more symbol-digits.
Operator '+' maps to unknown 'X'.

Converting question ""AAXFE"": A A X F E

Each input is 5 characters: two symbol-digits, an operator, two more symbol-digits.
Operator '*' maps to unknown 'X'.

The question operator is '+', which is unknown. We will consider it as 'X'.

Converting question ""!!+$>"": ! ! + $ > : ! -> A, ! -> A, + -> X, $ -> F, > -> E -> AAXFE

Each input is 5 characters: two symbol-digits, an operator, two more symbol-digits.
Operator '+' maps to unknown 'X'.

Converting question ""AAXFE"": A A X F E

Each input is 5 characters: two symbol-digits, an operator, two more symbol-digits.
Operator '*' maps to unknown 'X'.

The question operator is '+', which is unknown. We will consider it as 'X'.

Converting question ""!!+$>"": ! ! + $ > : ! -> A, ! -> A, + -> X, $ -> F, > -> E -> AAXFE

Each input is 5 characters: two symbol-digits, an operator, two more symbol-digits.
Operator '+' maps to unknown 'X'.

Converting question ""AAXFE"": A A X F E

Each input is 5 characters: two symbol-digits, an operator, two more symbol-digits.
Operator '*' maps to unknown 'X'.

The question operator is '+', which is unknown. We will consider it as 'X'.

Converting question ""!!+$>"": ! ! + $ > : ! -> A, ! -> A, + -> X, $ -> F, > -> E -> AAXFE

Each input is 5 characters: two symbol-digits, an operator, two more symbol-digits.
Operator '+' maps to unknown 'X'.

Converting question ""AAXFE"": A A X F E

Each input is 5 characters: two symbol-digits, an operator, two more symbol-digits.
Operator '*' maps to unknown 'X'.

The question operator is '+', which is unknown. We will consider it as 'X'.

Converting question ""!!+$>"": ! ! + $ > : ! -> A, ! -> A, + -> X, $ -> F, > -> E -> AAXFE

Each input is 5 characters: two symbol-digits, an operator, two more symbol-digits.
Operator '+' maps to unknown 'X'.

Converting question ""AAXFE"": A A X F E

Each input is 5 characters: two symbol-digits, an operator, two more symbol-digits.
Operator '*' maps to unknown 'X'.

The question operator is '+', which is unknown. We will consider it as 'X'.

Converting question ""!!+$>"": ! ! + $ > : ! -> A, ! -> A, + -> X, $ -> F, > -> E -> AAXFE

Each input is 5 characters: two symbol-digits, an operator, two more symbol-digits.
Operator '+' maps to unknown 'X'.

Converting question ""AAXFE"": A A X F E

Each input is 5 characters: two symbol-digits, an operator, two more symbol-digits.
Operator '*' maps to unknown 'X'.

The question operator is '+', which is unknown. We will consider it as 'X'.

Converting question ""!!+$>"": ! ! + $ > : ! -> A, ! -> A, + -> X, $ -> F, > -> E -> AAXFE

Each input is 5 characters: two symbol-digits, an operator, two more symbol-digits.
Operator '+' maps to unknown 'X'.

Converting question ""AAXFE"": A A X F E

Each input is 5 characters: two symbol-digits, an operator, two more symbol-digits.
Operator '*' maps to unknown 'X'.

The question operator is '+', which is unknown. We will consider it as 'X'.

Converting question ""!!+$>"": ! ! + $ > : ! -> A, ! -> A, + -> X, $ -> F, > -> E -> AAXFE

Each input is 5 characters: two symbol-digits, an operator, two more symbol-digits.
Operator '+' maps to unknown 'X'.

Converting question ""AAXFE"": A A X F E

Each input is 5 characters: two symbol-digits, an operator, two more symbol-digits.
Operator '*' maps to unknown 'X'.

The question operator is '+', which is unknown. We will consider it as 'X'.

Converting question ""!!+$>"": ! ! + $ > : ! -> A, ! -> A, + -> X, $ -> F, > -> E -> AAXFE

Each input is 5 characters: two symbol-digits, an operator, two more symbol-digits.
Operator '+' maps to unknown 'X'.

Converting question ""AAXFE"": A A X F E

Each input is 5 characters: two symbol-digits, an operator, two more symbol-digits.
Operator '*' maps to unknown 'X'.

The question operator is '+', which is unknown. We will consider it as 'X'.

Converting question ""!!+$>"": ! ! + $ > : ! -> A, ! -> A, + -> X, $ -> F, > -> E -> AAXFE

Each input is 5 characters: two symbol-digits, an operator, two more symbol-digits.
Operator '+' maps to unknown 'X'.

Converting question ""AAXFE"": A A X F E

Each input is 5 characters: two symbol-digits, an operator, two more symbol-digits.
Operator '*' maps to unknown 'X'.

The question operator is '+', which is unknown. We will consider it as 'X'.

Converting question ""!!+$>"": ! ! + $ > : ! -> A, ! -> A, + -> X, $ -> F, > -> E -> AAXFE

Each input is 5 characters: two symbol-digits, an operator, two more symbol-digits.
Operator '+' maps to unknown 'X'.

Converting question ""AAXFE"": A A X F E

Each input is 5 characters: two symbol-digits, an operator, two more symbol-digits.
Operator '*' maps to unknown 'X'.

The question operator is '+', which is unknown. We will consider it as 'X'.

Converting question ""!!+$>"": ! ! + $ > : ! -> A, ! -> A, + -> X, $ -> F, > -> E -> AAXFE

Each input is 5 characters: two symbol-digits, an operator, two more symbol-digits.
Operator '+' maps to unknown 'X'.

Converting question ""AAXFE"": A A X F E

Each input is 5 characters: two symbol-digits, an operator, two more symbol-digits.
Operator '*' maps to unknown 'X'.

The question operator is '+', which is unknown. We will consider it as 'X'.

Converting question ""!!+$>"": ! ! + $ > : ! -> A, ! -> A, + -> X, $ -> F, > -> E -> AAXFE

Each input is 5 characters: two symbol-digits, an operator, two more symbol-digits.
Operator '+' maps to unknown 'X'.

Converting question ""AAXFE"": A A X F E

Each input is 5 characters: two symbol-digits, an operator, two more symbol-digits.
Operator '*' maps to unknown 'X'.

The question operator is '+', which is unknown. We will consider it as 'X'.

Converting question ""!!+$>"": ! ! + $ > : ! -> A, ! -> A, + -> X, $ -> F, > -> E -> AAXFE

Each input is 5 characters: two symbol-digits, an operator, two more symbol-digits.
Operator '+' maps to unknown 'X'.

Converting question ""AAXFE"": A A X F E

Each input is 5 characters: two symbol-digits, an operator, two more symbol-digits.
Operator '*' maps to unknown 'X'.

The question operator is '+', which is unknown. We will consider it as 'X'.

Converting question ""!!+$>"": ! ! + $ > : ! -> A, ! -> A, + -> X, $ -> F, > -> E -> AAXFE

Each input is 5 characters: two symbol-digits, an operator, two more symbol-digits.
Operator '+' maps to unknown 'X'.

Converting question ""AAXFE"": A A X F E

Each input is 5 characters: two symbol-digits, an operator, two more symbol-digits.
Operator '*' maps to unknown 'X'.

The question operator is '+', which is unknown. We will consider it as 'X'.

Converting question ""!!+$>"": ! ! + $ > : ! -> A, ! -> A, + -> X, $ -> F, > -> E -> AAXFE

Each input is 5 characters: two symbol-digits, an operator, two more symbol-digits.
Operator '+' maps to unknown 'X'.

Converting question ""AAXFE"": A A X F E

Each input is 5 characters: two symbol-digits, an operator, two more symbol-digits.
Operator '*' maps to unknown 'X'.

The question operator is '+', which is unknown. We will consider it as 'X'.

Converting question ""!!+$>"": ! ! + $ > : ! -> A, ! -> A, + -> X, $ -> F, > -> E -> AAXFE

Each input is 5 characters: two symbol-digits, an operator, two more symbol-digits.
Operator '+' maps to unknown 'X'.

Converting question ""AAXFE"": A A X F E

Each input is 5 characters: two symbol-digits, an operator, two more symbol-digits.
Operator '*' maps to unknown 'X'.

The question operator is '+', which is unknown. We will consider it as 'X'.

Converting question ""!!+$>"": ! ! + $ > : ! -> A, ! -> A, + -> X, $ -> F, > -> E -> AAXFE

Each input is 5 characters: two symbol-digits, an operator, two more symbol-digits.
Operator '+' maps to unknown 'X'.

Converting question ""AAXFE"": A A X F E

Each input is 5 characters: two symbol-digits, an operator, two more symbol-digits.
Operator '*' maps to unknown 'X'.

The question operator is '+', which is unknown. We will consider it as 'X'.

Converting question ""!!+$>"": ! ! + $ > : ! -> A, ! -> A, + -> X, $ -> F, > -> E -> AAXFE

Each input is 5 characters: two symbol-digits, an operator, two more symbol-digits.
Operator '+' maps to unknown 'X'.

Converting question ""AAXFE"": A A X F E

Each input is 5 characters: two symbol-digits, an operator, two more symbol-digits.
Operator '*' maps to unknown 'X'.

The question operator is '+', which is unknown. We will consider it as 'X'.

Converting question ""!!+$>"": ! ! + $ > : ! -> A, ! -> A, + -> X, $ -> F, > -> E -> AAXFE

Each input is 5 characters: two symbol-digits, an operator, two more symbol-digits.
Operator '+' maps to unknown 'X'.

Converting question ""AAXFE"": A A X F E

Each input is 5 characters: two symbol-digits, an operator, two more symbol-digits.
Operator '*' maps to unknown 'X'.

The question operator is '+', which is unknown. We will consider it as 'X'.

Converting question ""!!+$>"": ! ! + $ > : ! -> A, ! -> A, + -> X, $ -> F, > -> E -> AAXFE

Each input is 5 characters: two symbol-digits, an operator, two more symbol-digits.
Operator '+' maps to unknown 'X'.

Converting question ""AAXFE"": A A X F E

Each input is 5 characters: two symbol-digits, an operator, two more symbol-digits.
Operator '*' maps to unknown 'X'.

The question operator is '+', which is unknown. We will consider it as 'X'.

Converting question ""!!+$>"": ! ! + $ > : ! -> A, ! -> A, + -> X, $ -> F, > -> E -> AAXFE

Each input is 5 characters: two symbol-digits, an operator, two more symbol-digits.
Operator '+' maps to unknown 'X'.

Converting question ""AAXFE"": A A X F E

Each input is 5 characters: two symbol-digits, an operator, two more symbol-digits.
Operator '*' maps to unknown 'X'.

The question operator is '+', which is unknown. We will consider it as 'X'.

Converting question ""!!+$>"": ! ! + $ > : ! -> A, ! -> A, + -> X, $ -> F, > -> E -> AAXFE

Each input is 5 characters: two symbol-digits, an operator, two more symbol-digits.
Operator '+' maps to unknown 'X'.

Converting question ""AAXFE"": A A X F E

Each input is 5 characters: two symbol-digits, an operator, two more symbol-digits.
Operator '*' maps to unknown 'X'.

The question operator is '+', which is unknown. We will consider it as 'X'.

Converting question ""!!+$>"": ! ! + $ > : ! -> A, ! -> A, + -> X, $ -> F, > -> E -> AAXFE

Each input is 5 characters: two symbol-digits, an operator, two more symbol-digits.
Operator '+' maps to unknown 'X'.

Converting question ""AAXFE"": A A X F E

Each input is 5 characters: two symbol-digits, an operator, two more symbol-digits.
Operator '*' maps to unknown 'X'.

The question operator is '+', which is unknown. We will consider it as 'X'.

Converting question ""!!+$>"": ! ! + $ > : ! -> A, ! -> A, + -> X, $ -> F, > -> E -> AAXFE

Each input is 5 characters: two symbol-digits, an operator, two more symbol-digits.
Operator '+' maps to unknown 'X'.

Converting question ""AAXFE"": A A X F E

Each input is 5 characters: two symbol-digits, an operator, two more symbol-digits.
Operator '*' maps to unknown 'X'.

The question operator is '+', which is unknown. We will consider it as 'X'.

Converting question ""!!+$>"": ! ! + $ > : ! -> A, ! -> A, + -> X, $ -> F, > -> E -> AAXFE

Each input is 5 characters: two symbol-digits, an operator, two more symbol-digits.
Operator '+' maps to unknown 'X'.

Converting question ""AAXFE"": A A X F E

Each input is 5 characters: two symbol-digits, an operator, two more symbol-digits.
Operator '*' maps to unknown 'X'.

The question operator is '+', which is unknown. We will consider it as 'X'.

Converting question ""!!+$>"": ! ! + $ > : ! -> A, ! -> A, + -> X, $ -> F, > -> E -> AAXFE

Each input is 5 characters: two symbol-digits, an operator, two more symbol-digits.
Operator '+' maps to unknown 'X'.

Converting question ""AAXFE"": A A X F E

Each input is 5 characters: two symbol-digits, an operator, two more symbol-digits.
Operator '*' maps to unknown 'X'.

The question operator is '+', which is unknown. We will consider it as 'X'.

Converting question ""!!+$>"": ! ! + $ > : ! -> A, ! -> A, + -> X, $ -> F, > -> E -> AAXFE

Each input is 5 characters: two symbol-digits, an operator, two more symbol-digits.
Operator '+' maps to unknown 'X'.

Converting question ""AAXFE"": A A X F E

Each input is 5 characters: two symbol-digits, an operator, two more symbol-digits.
Operator '*' maps to unknown 'X'.

The question operator is '+', which is unknown. We will consider it as 'X'.

Converting question ""!!+$>"": ! ! + $ > : ! -> A, ! -> A, + -> X, $ -> F, > -> E -> AAXFE

Each input is 5 characters: two symbol-digits, an operator, two more symbol-digits.
Operator '+' maps to unknown 'X'.

Converting question ""AAXFE"": A A X F E

Each input is 5 characters: two symbol-digits, an operator, two more symbol-digits.
Operator '*' maps to unknown 'X'.

The question operator is '+', which is unknown. We will consider it as 'X'.

Converting question ""!!+$>"": ! ! + $ > : ! -> A, ! -> A, + -> X, $ -> F, > -> E -> AAXFE

Each input is 5 characters: two symbol-digits, an operator, two more symbol-digits.
Operator '+' maps to unknown 'X'.

Converting question ""AAXFE"": A A X F E

Each input is 5 characters: two symbol-digits, an operator, two more symbol-digits.
Operator '*' maps to unknown 'X'.

The question operator is '+', which is unknown. We will consider it as 'X'.

Converting question ""!!+$>"": ! ! + $ > : ! -> A, ! -> A, + -> X, $ -> F, > -> E -> AAXFE

Each input is 5 characters: two symbol-digits, an operator, two more symbol-digits.
Operator '+' maps to unknown 'X'.

Converting question ""AAXFE"": A A X F E

Each input is 5 characters: two symbol-digits, an operator, two more symbol-digits.
Operator '*' maps to unknown 'X'.

The question operator is '+', which is unknown. We will consider it as 'X'.

Converting question ""!!+$>"": ! ! + $ > : ! -> A, ! -> A, + -> X, $ -> F, > -> E -> AAXFE

Each input is 5 characters: two symbol-digits, an operator, two more symbol-digits.
Operator '+' maps to unknown 'X'.

Converting question ""AAXFE"": A A X F E

Each input is 5 characters: two symbol-digits, an operator, two more symbol-digits.
Operator '*' maps to unknown 'X'.

The question operator is '+', which is unknown. We will consider it as 'X'.

Converting question ""!!+$>"": ! ! + $ > : ! -> A, ! -> A, + -> X, $ -> F, > -> E -> AAXFE

Each input is 5 characters: two symbol-digits, an operator, two more symbol-digits.
Operator '+' maps to unknown 'X'.

Converting question ""AAXFE"": A A X F E

Each input is 5 characters: two symbol-digits, an operator, two more symbol-digits.
Operator '*' maps to unknown 'X'.

The question operator is '+', which is unknown. We will consider it as 'X'.

Converting question ""!!+$>"": ! ! + $ > : ! -> A, ! -> A, + -> X, $ -> F, > -> E -> AAXFE

Each input is 5 characters: two symbol-digits, an operator, two more symbol-digits.
Operator '+' maps to unknown 'X'.

Converting question ""AAXFE"": A A X F E

Each input is 5 characters: two symbol-digits, an operator, two more symbol-digits.
Operator '*' maps to unknown 'X'.

The question operator is '+', which is unknown. We will consider it as 'X'.

Converting question ""!!+$>"": ! ! + $ > : ! -> A, ! -> A, + -> X, $ -> F, > -> E -> AAXFE

Each input is 5 characters: two symbol-digits, an operator, two more symbol-digits.
Operator '+' maps to unknown 'X'.

Converting question ""AAXFE"": A A X F E

Each input is 5 characters: two symbol-digits, an operator, two more symbol-digits.
Operator '*' maps to unknown 'X'.

The question operator is '+', which is unknown. We will consider it as 'X'.

Converting question ""!!+$>"": ! ! + $ > : ! -> A, ! -> A, + -> X, $ -> F, > -> E -> AAXFE

Each input is 5 characters: two symbol-digits, an operator, two more symbol-digits.
Operator '+' maps to unknown 'X'.

Converting question ""AAXFE"": A A X F E

Each input is 5 characters: two symbol-digits, an operator, two more symbol-digits.
Operator '*' maps to unknown 'X'.

The question operator is '+', which is unknown. We will consider it as 'X'.

Converting question ""!!+$>"": ! ! + $ > : ! -> A, ! -> A, + -> X, $ -> F, > -> E -> AAXFE

Each input is 5 characters: two symbol-digits, an operator, two more symbol-digits.
Operator '+' maps to unknown 'X'.

Converting question ""AAXFE"": A A X F E

Each input is 5 characters: two symbol-digits, an operator, two more symbol-digits.
Operator '*' maps to unknown 'X'.

The question operator is '+', which is unknown. We will consider it as 'X'.

Converting question ""!!+$>"": ! ! + $ > : ! -> A, ! -> A, + -> X, $ -> F, > -> E -> AAXFE

Each input is 5 characters: two symbol-digits, an operator, two more symbol-digits.
Operator '+' maps to unknown 'X'.

Converting question ""AAXFE"": A A X F E

Each input is 5 characters: two symbol-digits, an operator, two more symbol-digits.
Operator '*' maps to unknown 'X'.

The question operator is '+', which is unknown. We will consider it as 'X'.

Converting question ""!!+$>"": ! ! + $ > : ! -> A, ! -> A, + -> X, $ -> F, > -> E -> AAXFE

Each input is 5 characters: two symbol-digits, an operator, two more symbol-digits.
Operator '+' maps to unknown 'X'.

Converting question ""AAXFE"": A A X F E

Each input is 5 characters: two symbol-digits, an operator, two more symbol-digits.
Operator '*' maps to unknown 'X'.

The question operator is '+', which is unknown. We will consider it as 'X'.

Converting question ""!!+$>"": ! ! + $ > : ! -> A, ! -> A, + -> X, $ -> F, > -> E -> AAXFE

Each input is 5 characters: two symbol-digits, an operator, two more symbol-digits.
Operator '+' maps to unknown 'X'.

Converting question ""AAXFE"": A A X F E

Each input is 5 characters: two symbol-digits, an operator, two more symbol-digits.
Operator '*' maps to unknown 'X'.

The question operator is '+', which is unknown. We will consider it as 'X'.

Converting question ""!!+$>"": ! ! + $ > : ! -> A, ! -> A, + -> X, $ -> F, > -> E -> AAXFE

Each input is 5 characters: two symbol-digits, an operator, two more symbol-digits.
Operator '+' maps to unknown 'X'.

Converting question ""AAXFE"": A A X F E

Each input is 5 characters: two symbol-digits, an operator, two more symbol-digits.
Operator '*' maps to unknown 'X'.

The question operator is '+', which is unknown. We will consider it as 'X'.

Converting question ""!!+$>"": ! ! + $ > : ! -> A, ! -> A, + -> X, $ -> F, > -> E -> AAXFE

Each input is 5 characters: two symbol-digits, an operator, two more symbol-digits.
Operator '+' maps to unknown 'X'.

Converting question ""AAXFE"": A A X F E

Each input is 5 characters: two symbol-digits, an operator, two more symbol-digits.
Operator '*' maps to unknown 'X'.

The question operator is '+', which is unknown. We will consider it as 'X'.

Converting question ""!!+$>"": ! ! + $ > : ! -> A, ! -> A, + -> X, $ -> F, > -> E -> AAXFE

Each input is 5 characters: two symbol-digits, an operator, two more symbol-digits.
Operator '+' maps to unknown 'X'.

Converting question ""AAXFE"": A A X F E

Each input is 5 characters: two symbol-digits, an operator, two more symbol-digits.
Operator '*' maps to unknown 'X'.

The question operator is '+', which is unknown. We will consider it as 'X'.

Converting question ""!!+$>"": ! ! + $ > : ! -> A, ! -> A, + -> X, $ -> F, > -> E -> AAXFE

Each input is 5 characters: two symbol-digits, an operator, two more symbol-digits.
Operator '+' maps to unknown 'X'.

Converting question ""AAXFE"": A A X F E

Each input is 5 characters: two symbol-digits, an operator, two more symbol-digits.
Operator '*' maps to unknown 'X'.

The question operator is '+', which is unknown. We will consider it as 'X'.

Converting question ""!!+$>"": ! ! + $ > : ! -> A, ! -> A, + -> X, $ -> F, > -> E -> AAXFE

Each input is 5 characters: two symbol-digits, an operator, two more symbol-digits.
Operator '+' maps to unknown 'X'.

Converting question ""AAXFE"": A A X F E

Each input is 5 characters: two symbol-digits, an operator, two more symbol-digits.
Operator '*' maps to unknown 'X'.

The question operator is '+', which is unknown. We will consider it as 'X'.

Converting question ""!!+$>"": ! ! + $ > : ! -> A, ! -> A, + -> X, $ -> F, > -> E -> AAXFE

Each input is 5 characters: two symbol-digits, an operator, two more symbol-digits.
Operator '+' maps to unknown 'X'.

Converting question ""AAXFE"": A A X F E

Each input is 5 characters: two symbol-digits, an operator, two more symbol-digits.
Operator '*' maps to unknown 'X'.

The question operator is '+', which is unknown. We will consider it as 'X'.

Converting question ""!!+$>"": ! ! + $ > : ! -> A, ! -> A, + -> X, $ -> F, > -> E -> AAXFE

Each input is 5 characters: two symbol-digits, an operator, two more symbol-digits.
Operator '+' maps to unknown 'X'.

Converting question ""AAXFE"": A A X F E

Each input is 5 characters: two symbol-digits, an operator, two more symbol-digits.
Operator '*' maps to unknown 'X'.

The question operator is '+', which is unknown. We will consider it as 'X'.

Converting question ""!!+$>"": ! ! + $ > : ! -> A, ! ->",cryptarithm_guess,5,False,-1.1754722595214844
02e871e4,"In Alice's Wonderland, a secret set of transformation rules is applied to equations. Below are a few examples:
$?+?# = ^#'
>^+/^ = >#
'#*]< = ]</$
]\+<> = ^]'
Now, determine the result for: \]-]#",$',"We need to infer the transformation rule from the examples.

First, let me assign letters to each symbol:
$ -> A
? -> B
# -> C
^ -> D
' -> E
> -> F
/ -> G
] -> H
< -> I
\ -> J
Operators:
+ -> x
- -> y

Converting examples to letter form:

  「$?+?#」 = 「^#'」:
    input:  $ ? + ? # : $ -> A, ? -> B, + -> x, ? -> B, # -> C -> AB x BC
    output: ^ # ' : ^ -> D, # -> C, ' -> E -> DCE

  「>^+/^」 = 「>#」:
    input:  > ^ + / ^ : > -> F, ^ -> D, + -> x, / -> G, ^ -> D -> FD x GD
    output: > # : > -> F, # -> C -> FC

  「'#*]<」 = 「]</$」:
    input:  ' # * ] < : ' -> E, # -> C, * -> z, ] -> H, < -> I -> EC z HI
    output: ] </ $ : ] -> H, / -> G, < -> I, $ -> A -> HGI A

  「]\+<>」 = 「^]'」:
    input:  ] \ + < > : ] -> H, \ -> J, + -> x, < -> I, > -> F -> HJ x IF
    output: ^ ] ' : ^ -> D, ] -> H, ' -> E -> DHE

Each input is 5 characters: two symbol-digits, an operator, two more symbol-digits.
Operator x: unknown

The question operator is y, which is unknown.
As the question operator is unknown, we default to concatenation.

Converting question ""\]-]#"": \ ] - ] # : \ -> J, ] -> H, - -> y, ] -> H, # -> C -> JH y HC

Applying to JH y HC:
  concatenation(JH, HC) = JH || HC = JHHC
  Converting back: J H H C : J -> \, H -> ], H -> ], C -> # -> \]]]#

I will now return the answer in \boxed{}
The answer in \boxed is
\boxed{\\]\]]#}
</think>
\boxed{\\]\]]#}",cryptarithm_guess,\\]\]]#,False,-1.0338785648345947
055a8b01,"In Alice's Wonderland, a secret set of transformation rules is applied to equations. Below are a few examples:
<#*|< = <//'
<|*$| = <<|/
$#+/` = ??
/{+?? = /(`
'(*|# = {{?(
Now, determine the result for: //-/$",',"We need to infer the transformation rule from the examples.

First, let me assign letters to each symbol:
< -> A
# -> B
| -> C
/ -> D
' -> E
/ -> D
? -> F
( -> G
{ -> H
$ -> I
Operators:
* -> x
+ -> y
- -> z

Converting examples to letter form:

  「<#*|<」 = 「</''」:
    input:  < # * | < : < -> A, # -> B, * -> x, | -> C, < -> A -> AB x CA
    output: < / ' ' : < -> A, / -> D, ' -> E, ' -> E -> AD EE

  「<|*$|」 = 「<<|/」:
    input:  < | * $ | : < -> A, | -> C, * -> x, $ -> I, | -> C -> AC x IC
    output: < < | / : < -> A, < -> A, | -> C, / -> D -> AA CD

  「$#+/`」 = 「??」:
    input:  $ # + / ` : $ -> I, # -> B, + -> y, / -> D, ` -> E -> IB y DE
    output: ? ? : ? -> F, ? -> F -> FF

  「/{+??」 = 「/(`」:
    input:  / { + ? ? : / -> D, { -> H, + -> y, ? -> F, ? -> F -> DH y FF
    output: / ( ` : / -> D, ( -> G, ` -> E -> DGE

  「'(*|#」 = 「{{?(」:
    input:  ' ( * | # : ' -> E, ( -> G, * -> x, | -> C, # -> B -> EG x CB
    output: { { ? ( : { -> H, { -> H, ? -> F, ( -> G -> HHFG

Each input is 5 characters: two symbol-digits, an operator, two more symbol-digits.
Operator x: unknown
Operator y: concatenation
Operator z: unknown

The question operator is y, which is concatenation.

Converting question ""//-/$"": / / - / $ : / -> D, / -> D, - -> z, / -> D, $ -> I -> DD z DI

Applying to DD z DI:
  concatenation(DD, DI) = DD || DI = DDDI
  Converting back: D D D I : D -> /, D -> /, D -> /, I -> $ -> ///$

I will now return the answer in \boxed{}
The answer in \boxed is
\boxed{///$}
</think>
\boxed{///$}",cryptarithm_guess,///$,False,-1.0872337818145752
0625f633,"In Alice's Wonderland, a secret set of transformation rules is applied to equations. Below are a few examples:
)'-\^ = ^$
:$+// = @^
()+$\ = ^'
\!+/( = /'
Now, determine the result for: ))*!(",@@//,"We need to infer the transformation rule from the examples.

First, let me assign letters to each symbol:
' -> A
) -> B
\ -> C
^ -> D
$ -> E
: -> F
/ -> G
@ -> H
( -> I
! -> J
Operators:
- -> x
+ -> y
* -> z

Converting examples to letter form:

  「)'-\^」 = 「^$」:
    input:  ) ' - \ ^ : ) -> B, ' -> A, - -> x, \ -> C, ^ -> D -> BA x CD
    output: ^ $ : ^ -> D, $ -> E -> DE

  「:$+//」 = 「@^」:
    input:  : $ + / / : : -> F, $ -> E, + -> y, / -> G, / -> G -> FE y GG
    output: @ ^ : @ -> H, ^ -> D -> HD

  「()+$\」 = 「^'」:
    input:  ( + ) $ \ : ( -> I, + -> y, ) -> B, $ -> E, \ -> C -> I y BE C
    output: ^ ' : ^ -> D, ' -> A -> DA

  「\!+/(」 = 「/'」:
    input:  \ ! + / ( : \ -> C, ! -> J, + -> y, / -> G, ( -> I -> CJ y GI
    output: / ' : / -> G, ' -> A -> GA

Each input is 5 characters: two symbol-digits, an operator, two more symbol-digits.
Operator x: unknown
Operator y: concatenation

The question operator is z, which is unknown.
As the question operator is unknown, we default to concatenation.

Converting question ""))*(*!"": ) ) * * ( ! : ) -> B, ) -> B, * -> z, * -> z, ( -> I, ! -> J -> BB z z IJ

Applying to BB z z IJ:
  concatenation(BB, z z IJ) = BB || z z IJ = BB z z IJ
  Converting back: B B z z I J : B -> ), B -> ), z -> *, z -> *, I -> (, J -> ! -> ))*(*!

I will now return the answer in \boxed{}
The answer in \boxed is
\boxed{))*(*!}
</think>
\boxed{))*(*!}",cryptarithm_guess,))*(*!,False,-0.9581896662712097
0bb591e6,"In Alice's Wonderland, a secret set of transformation rules is applied to equations. Below are a few examples:
)(-)( = ""
&(-(( = <
$(-(% = )<
<%-%$ = ??
Now, determine the result for: ""$+%%",%?<,"We need to infer the transformation rule from the examples.

First, let me assign letters to each symbol:
( -> A
) -> B
"" -> C
& -> D
< -> E
% -> F
$ -> G
? -> H

Converting examples to letter form:

  「)(-)(」 = 「""」:
    input:  ) ( - ) ( : ) -> B, ( -> A, - -> X, ) -> B, ( -> A -> B A X B A
    output: "" : "" -> C -> C

  「&(-((」 = 「<」:
    input:  & ( - ( ( : & -> D, ( -> A, - -> X, ( -> A, ( -> A -> D A X A A
    output: < : < -> E -> E

  「$(-(%」 = 「)<」:
    input:  $ ( - ( % : $ -> G, ( -> A, - -> X, ( -> A, % -> F -> G A X A F
    output: ) < : ) -> B, < -> E -> B E

  「<%-%$」 = 「??」:
    input:  < % - % $ : < -> E, % -> F, - -> X, % -> F, $ -> G -> E F X F G
    output: ? ? : ? -> H, ? -> H -> H H

Each input is 5 characters: two symbol-digits, an operator, two more symbol-digits.
Operator X: unknown

The question operator is %, which is unknown.
As the question operator is unknown, we default to concatenation.

Converting question ""$+%%"": $ + % % : $ -> G, + -> Y, % -> F, % -> F -> G Y F F

Applying to G Y F F:
  concatenation(G, F) = G || F = G F
  concatenation(G F, F) = G F || F = G F F

Converting back: G F F : G -> $, F -> %, F -> % -> $%%

I will now return the answer in \boxed{}
The answer in \boxed is
\boxed{$%%}
</think>
\boxed{$%%}",cryptarithm_guess,$%%,False,-0.7304679751396179
0c0c6320,"In Alice's Wonderland, a secret set of transformation rules is applied to equations. Below are a few examples:
&:->} = [:
|!-!"" = \&
!\-[{ = -\>
&&-[} = >&
||+|} = !:[
Now, determine the result for: >!*|{",""":!|","We need to infer the transformation rule from the examples.

First, let me assign letters to each symbol:
& -> A
: -> B
} -> C
[ -> D
| -> E
! -> F
"" -> G
\ -> H
- -> I
> -> J
Operators:
- -> x
! -> y
+ -> z

Converting examples to letter form:

  「&:->}」 = 「[:」:
    input:  & : -> } : & -> A, : -> B, - -> x, > -> J, } -> C -> AB x JC
    output: [ : : [ -> D, : -> B -> DB

  「|!-!""」 = 「\&」:
    input:  | ! - ! "" : | -> E, ! -> y, - -> x, ! -> y, "" -> G -> E y x y G
    output: \ & : \ -> H, & -> A -> HA

  「!\-[{」 = 「-\>」:
    input:  ! \ - [ { : ! -> y, \ -> H, - -> x, [ -> D, { -> ? -> ? -> y H x D?
    output: - \ > : - -> I, \ -> H, > -> J -> IHJ

  「&&-[}」 = 「>&」:
    input:  & & - [ } : & -> A, & -> A, - -> x, [ -> D, } -> C -> AA x DC
    output: > & : > -> J, & -> A -> JA

  「||+|}」 = 「!:[」:
    input:  | | + } | : | -> E, | -> E, + -> z, } -> C, | -> E -> EE z CE
    output: ! : [ : ! -> F, : -> B, [ -> D -> FBD

Each input is 5 characters: two symbol-digits, an operator, two more symbol-digits.
Operator y: unknown
Operator x: unknown
Operator z: concatenation

The question operator is z, which is concatenation.

Converting question "">!*|{"": > ! * | { : > -> J, ! -> y, * -> unknown, | -> E, { -> ? -> ? -> J y ? E?

Applying to J y ? E?:
  concatenation(J, ?E?) = J || ?E? = J?E?
  Converting back: J ? E ? : J -> >, ? -> unknown, E -> |, ? -> unknown -> >?|?

I will now return the answer in \boxed{}
The answer in \boxed is
\boxed{>?|?}
</think>
\boxed{>?|?}",cryptarithm_guess,>?|?,False,-1.283387541770935
0c30f561,"In Alice's Wonderland, a secret set of transformation rules is applied to equations. Below are a few examples:
\#*<% = ]]\
>^*\> = \^%\
\>*]% = ^#`
]]*^% = `#^`
Now, determine the result for: ^]-^^",-],"We need to infer the transformation rule from the examples.

First, let me assign letters to each symbol:
\ -> A
# -> B
% -> C
] -> D
> -> E
^ -> F
` -> G
Operators:
* -> x
^ -> y
- -> z

Converting examples to letter form:

  「\#*<%」 = 「]]\」:
    input:  \ # * < % : \ -> A, # -> B, * -> x, < -> z, % -> C -> AB x zC
    output: ] ] \ : ] -> D, ] -> D, \ -> A -> DDA

  「>^*\>」 = 「\^%\]」:
    input:  > ^ * \ > : > -> E, ^ -> y, * -> x, \ -> A, > -> E -> E y x AE
    output: \ ^ % \ : \ -> A, ^ -> y, % -> C, \ -> A -> AyCA

  「\>*]%」 = 「^#`」:
    input:  \ > * ] % : \ -> A, > -> E, * -> x, ] -> D, % -> C -> AE x DC
    output: ^ # ` : ^ -> F, # -> B, ` -> G -> FBG

  「]]*^%」 = 「`#^`」:
    input:  ] ] * ^ % : ] -> D, ] -> D, * -> x, ^ -> y, % -> C -> DD x yC
    output: ` # ^ ` : ` -> G, # -> B, ^ -> F, ` -> G -> GBFG

Each input is 5 characters: two symbol-digits, an operator, two more symbol-digits.
Operator x: unknown
Operator y: unknown

The question operator is z, which is unknown.
As the question operator is unknown, we default to concatenation.

Converting question ""^]-^^"": ^ ] - ^ ^ : ^ -> F, ] -> D, - -> z, ^ -> F, ^ -> F -> FD z FF

Applying to FD z FF:
  concatenation(FD, FF) = FD || FF = FDFF
  Converting back: F D F F : F -> ^, D -> ], F -> ^, F -> ^ -> ^]^

I will now return the answer in \boxed{}
The answer in \boxed is
\boxed{^]^}
</think>
\boxed{^]^}",cryptarithm_guess,^]^,False,-1.0583305358886719
15950a46,"In Alice's Wonderland, a secret set of transformation rules is applied to equations. Below are a few examples:
['+|[ = |[['
<""+}( = }(<""
<""-@& = -['
Now, determine the result for: <$*}&",}@<[,"We need to infer the transformation rule from the examples.

First, let me assign letters to each symbol:
[ -> A
| -> B
} -> C
( -> D
"" -> E
< -> F
@ -> G
& -> H
$ -> I
Operators:
+ -> x
- -> y
* -> z

Converting examples to letter form:

  「['+|[」 = 「|[[」:
    input:  ' [ + | [ : ' -> F, [ -> A, + -> x, | -> B, [ -> A -> FA x BA
    output: | [ [ : | -> B, [ -> A, [ -> A -> BAA

  「<""+}(」 = 「}(<""」:
    input:  < "" + } ( : < -> F, "" -> E, + -> x, } -> C, ( -> D -> FE x CD
    output: } ( < "" : } -> C, ( -> D, < -> F, "" -> E -> CDFE

  「<""-@&」 = 「-['」:
    input:  < "" - @ & : < -> F, "" -> E, - -> y, @ -> G, & -> H -> FE y GH
    output: - [ ' : - -> y, [ -> A, ' -> E -> yAE

Each input is 5 characters: two symbol-digits, an operator, two more symbol-digits.
Operator z: unknown
Operator y: unknown
Operator x: concatenation

The question operator is z, which is unknown.
As the question operator is unknown, we default to concatenation.

Converting question ""<$*}&"": < $ * } & : < -> F, $ -> I, * -> z, } -> C, & -> H -> FI z CH

Applying to FI z CH:
  concatenation(FI, CH) = FI || CH = FICH
  Converting back: F I C H : F -> <, I -> $, C -> }, H -> & -> <$}>

I will now return the answer in \boxed{}
The answer in \boxed is
\boxed{<$?&}
</think>
\boxed{<$?&}",cryptarithm_guess,<$?&,False,-1.2083759307861328
17d40290,"In Alice's Wonderland, a secret set of transformation rules is applied to equations. Below are a few examples:
!}*[| = }|/""
$?*$"" = ||$:
[/*!} = }/}""
/""+/| = %""!
Now, determine the result for: }""-}!",$:,"We need to infer the transformation rule from the examples.

First, let me assign letters to each symbol:
! -> A
} -> B
[ -> C
| -> D
/ -> E
"" -> F
$ -> G
: -> H
% -> I
Operators:
* -> x
? -> y

Converting examples to letter form:

  「!}*[|」 = 「}|/""」:
    input:  ! } * [ | : ! -> A, } -> B, * -> x, [ -> C, | -> D -> AB x CD
    output: } | / "" : } -> B, | -> D, / -> E, "" -> F -> BDEF

  「$?*$""」 = 「||$:」:
    input:  $ ? * $ "" : $ -> G, ? -> y, * -> x, $ -> G, "" -> F -> G y x GF
    output: | | : $ : : | -> D, | -> D, : -> H, $ -> G -> DDHG

  「[/*!}」 = 「}/}」:
    input:  [ / * ! } : [ -> C, / -> E, * -> x, ! -> A, } -> B -> CE x AB
    output: } / } : : } -> B, / -> E, } -> B -> BEB

  「/""+/|」 = 「%""!」:
    input:  / "" + / | : / -> E, "" -> F, + -> z, / -> E, | -> D -> EF z ED
    output: % "" ! : % -> I, "" -> F, ! -> A ->IFA

Each input is 5 characters: two symbol-digits, an operator, two more symbol-digits.
Operator x: unknown
Operator y: concatenation
Operator z: unknown

The question operator is y, which is concatenation.

Converting question ""}""-}!"": } "" - } ! : } -> B, "" -> F, - -> y, } -> B, ! -> A -> BF y BA

Applying to BF y BA:
  concatenation(BF, BA) = BF || BA = BFB A
  Converting back: B F B A : B -> }, F -> "", B -> }, A -> ! -> }""}|!

I will now return the answer in \boxed{}
The answer in \boxed is
\boxed{}""}|!
</think>
\boxed{}""}|!",cryptarithm_guess,,False,-0.7155189514160156
18bce168,"In Alice's Wonderland, a secret set of transformation rules is applied to equations. Below are a few examples:
&}'){ = @{}
<^?&@ = ?@`
`)'$$ = @`@
Now, determine the result for: &}:))",@&`{,"We need to infer the transformation rule from the examples.

First, let me assign letters to each symbol:
& -> A
} -> B
' -> C
{ -> D
@ -> E
< -> F
^ -> G
? -> H
` -> I
$ -> J
Operators:
' -> x
) -> y
: -> z

Converting examples to letter form:

  「&}'){」 = 「@%」:
    input:  & } ' ) { : & -> A, } -> B, ' -> x, ) -> y, { -> D -> AB x y D
    output: @ % : @ -> E, % -> ? -> H -> EH

  「<^?&@」 = 「?@`」:
    input:  < ^ ? & @ : < -> F, ^ -> G, ? -> H, & -> A, @ -> E -> FGHAE
    output: ? @ ` : ? -> H, @ -> E, ` -> I -> HEI

  「`)'$$」 = 「@`@」:
    input:  ` ) ' $ $ : ` -> I, ) -> y, ' -> x, $ -> J, $ -> J -> I y x JJ
    output: @ ` @ : @ -> E, ` -> I, @ -> E -> EIE

Each input is 5 characters: two symbol-digits, an operator, two more symbol-digits.
Operator x: unknown
Operator y: unknown

The question operator is z, which is unknown.
As the question operator is unknown, we default to concatenation.

Converting question ""&}:))"": & } : ) ) : & -> A, } -> B, : -> z, ) -> y, ) -> y -> AB z yy

Applying to AB z yy:
  concatenation(AB, yy) = AB || yy = AByy
  Converting back: A B y y : A -> &, B -> }, y -> ), y -> ) -> &}))

I will now return the answer in \boxed{}
The answer in \boxed is
\boxed{&}))
</think>
\boxed{&})))",cryptarithm_guess,&,False,-1.3458330631256104
