label,id,expected_answer,extracted_answer,rendered_prompt,raw_output
binary,000b53cf,01000011,,"In Alice's Wonderland, a secret bit manipulation rule transforms 8-bit binary numbers. The transformation involves operations like bit shifts, rotations, XOR, AND, OR, NOT, and possibly majority or choice functions.

Here are some examples of input -> output:
10001110 -> 00100110
10011001 -> 01000100
01100100 -> 00010001
10000010 -> 00001010
00011011 -> 01001100
00111010 -> 10011100
01101111 -> 00110111
10010110 -> 01011010
00001010 -> 00101100

Now, determine the output for: 11100000
Please put your final answer inside `\boxed{}`. For example: `\boxed{your answer}`",
binary,0031df9c,00110100,,"In Alice's Wonderland, a secret bit manipulation rule transforms 8-bit binary numbers. The transformation involves operations like bit shifts, rotations, XOR, AND, OR, NOT, and possibly majority or choice functions.

Here are some examples of input -> output:
00000000 -> 00000000
11001011 -> 11110010
11110010 -> 10111100
01001000 -> 00010010
01101000 -> 00011010
01011101 -> 01010111
10111001 -> 01101110
11011111 -> 11110111
11110101 -> 01111101
01111001 -> 01011110

Now, determine the output for: 11010000
Please put your final answer inside `\boxed{}`. For example: `\boxed{your answer}`",
binary,024101d9,00100000,,"In Alice's Wonderland, a secret bit manipulation rule transforms 8-bit binary numbers. The transformation involves operations like bit shifts, rotations, XOR, AND, OR, NOT, and possibly majority or choice functions.

Here are some examples of input -> output:
11000011 -> 10000111
11001110 -> 10011101
00110101 -> 01101010
01000010 -> 10000100
01011100 -> 10111000
00010101 -> 00101010
00111101 -> 01111010

Now, determine the output for: 00010000
Please put your final answer inside `\boxed{}`. For example: `\boxed{your answer}`",
binary,02778bd7,00000000,,"In Alice's Wonderland, a secret bit manipulation rule transforms 8-bit binary numbers. The transformation involves operations like bit shifts, rotations, XOR, AND, OR, NOT, and possibly majority or choice functions.

Here are some examples of input -> output:
11100111 -> 00000000
00110010 -> 00000000
10101001 -> 10000000
00100010 -> 00000000
01011100 -> 00000000
10110110 -> 00000000
01001001 -> 10000000

Now, determine the output for: 00010110
Please put your final answer inside `\boxed{}`. For example: `\boxed{your answer}`",
binary,030479a6,01000110,,"In Alice's Wonderland, a secret bit manipulation rule transforms 8-bit binary numbers. The transformation involves operations like bit shifts, rotations, XOR, AND, OR, NOT, and possibly majority or choice functions.

Here are some examples of input -> output:
00011011 -> 11000000
01001001 -> 01000010
00001100 -> 00000000
11010111 -> 11000110
11011001 -> 01000110
00000011 -> 11000000
11100111 -> 11000111
00100011 -> 11000001
01001011 -> 11000010
11100011 -> 11000111

Now, determine the output for: 11010001
Please put your final answer inside `\boxed{}`. For example: `\boxed{your answer}`",
binary,046e8532,00011100,,"In Alice's Wonderland, a secret bit manipulation rule transforms 8-bit binary numbers. The transformation involves operations like bit shifts, rotations, XOR, AND, OR, NOT, and possibly majority or choice functions.

Here are some examples of input -> output:
10000111 -> 00111100
00110000 -> 10000001
11001101 -> 01101110
01011011 -> 11011010
11110111 -> 10111111
00100001 -> 00001001
00001110 -> 01110000
11010111 -> 10111110
01001111 -> 01111010

Now, determine the output for: 10000011
Please put your final answer inside `\boxed{}`. For example: `\boxed{your answer}`",
binary,04d492a9,00110111,,"In Alice's Wonderland, a secret bit manipulation rule transforms 8-bit binary numbers. The transformation involves operations like bit shifts, rotations, XOR, AND, OR, NOT, and possibly majority or choice functions.

Here are some examples of input -> output:
11010000 -> 10101101
11011111 -> 10110011
11011010 -> 10111001
10010000 -> 00101001
00101010 -> 01010110
01001111 -> 10011010
11000101 -> 10000110
11001100 -> 10010100
01011010 -> 10110001
00100000 -> 01000010

Now, determine the output for: 10011111
Please put your final answer inside `\boxed{}`. For example: `\boxed{your answer}`",
binary,0520a6ec,10100001,,"In Alice's Wonderland, a secret bit manipulation rule transforms 8-bit binary numbers. The transformation involves operations like bit shifts, rotations, XOR, AND, OR, NOT, and possibly majority or choice functions.

Here are some examples of input -> output:
00101110 -> 00011100
00001010 -> 00010100
10000101 -> 00001011
11011100 -> 00111001
00101111 -> 00011110
11110111 -> 00001111
10000100 -> 00001001
00000000 -> 00000000
10101100 -> 01011001
01011111 -> 00011110

Now, determine the output for: 11010000
Please put your final answer inside `\boxed{}`. For example: `\boxed{your answer}`",
binary,06698d4e,00110010,,"In Alice's Wonderland, a secret bit manipulation rule transforms 8-bit binary numbers. The transformation involves operations like bit shifts, rotations, XOR, AND, OR, NOT, and possibly majority or choice functions.

Here are some examples of input -> output:
10100000 -> 01010000
00001111 -> 00000111
00101000 -> 00010100
10110110 -> 01011011
00101100 -> 00010110
11011110 -> 01101111
00000110 -> 00000011
11011011 -> 01101101

Now, determine the output for: 01100100
Please put your final answer inside `\boxed{}`. For example: `\boxed{your answer}`",
binary,06b5da9f,00011010,,"In Alice's Wonderland, a secret bit manipulation rule transforms 8-bit binary numbers. The transformation involves operations like bit shifts, rotations, XOR, AND, OR, NOT, and possibly majority or choice functions.

Here are some examples of input -> output:
10100110 -> 00110101
10000001 -> 00001100
00100110 -> 00010001
11000011 -> 00111110
10001001 -> 01001100
11111011 -> 01111111
01010100 -> 10100010
11011011 -> 01111110
11110101 -> 10111111

Now, determine the output for: 01000111
Please put your final answer inside `\boxed{}`. For example: `\boxed{your answer}`",
gravity,00463d04,50.51,,"In Alice's Wonderland, the gravitational constant has been secretly changed. Here are some example observations:
For t = 4.85s, distance = 204.55 m
For t = 3.13s, distance = 85.19 m
For t = 1.7s, distance = 25.13 m
For t = 3.16s, distance = 86.84 m
For t = 3.23s, distance = 90.73 m
Now, determine the falling distance for t = 2.41s given d = 0.5*g*t^2.
Please put your final answer inside `\boxed{}`. For example: `\boxed{your answer}`",
gravity,0073bcbb,20.33,,"In Alice's Wonderland, the gravitational constant has been secretly changed. Here are some example observations:
For t = 3.25s, distance = 78.86 m
For t = 1.98s, distance = 29.27 m
For t = 1.9s, distance = 26.95 m
For t = 3.08s, distance = 70.82 m
For t = 1.82s, distance = 24.73 m
Now, determine the falling distance for t = 1.65s given d = 0.5*g*t^2.
Please put your final answer inside `\boxed{}`. For example: `\boxed{your answer}`",
gravity,00ed1836,24.28,,"In Alice's Wonderland, the gravitational constant has been secretly changed. Here are some example observations:
For t = 3.28s, distance = 53.97 m
For t = 4.11s, distance = 84.74 m
For t = 3.11s, distance = 48.52 m
For t = 2.12s, distance = 22.55 m
For t = 4.66s, distance = 108.94 m
Now, determine the falling distance for t = 2.2s given d = 0.5*g*t^2.
Please put your final answer inside `\boxed{}`. For example: `\boxed{your answer}`",
gravity,02473b23,55.52,,"In Alice's Wonderland, the gravitational constant has been secretly changed. Here are some example observations:
For t = 3.95s, distance = 70.31 m
For t = 2.04s, distance = 18.75 m
For t = 1.72s, distance = 13.33 m
For t = 4.03s, distance = 73.19 m
For t = 2.39s, distance = 25.74 m
Now, determine the falling distance for t = 3.51s given d = 0.5*g*t^2.
Please put your final answer inside `\boxed{}`. For example: `\boxed{your answer}`",
roman,0162e157,LII,,"In Alice's Wonderland, numbers are secretly converted into a different numeral system. Some examples are given below:
23 -> XXIII
14 -> XIV
32 -> XXXII
64 -> LXIV
54 -> LIV
Now, write the number 52 in the Wonderland numeral system.
Please put your final answer inside `\boxed{}`. For example: `\boxed{your answer}`",
roman,0375a010,LXXV,,"In Alice's Wonderland, numbers are secretly converted into a different numeral system. Some examples are given below:
73 -> LXXIII
39 -> XXXIX
39 -> XXXIX
10 -> X
97 -> XCVII
Now, write the number 75 in the Wonderland numeral system.
Please put your final answer inside `\boxed{}`. For example: `\boxed{your answer}`",
roman,06c2734d,XXXI,,"In Alice's Wonderland, numbers are secretly converted into a different numeral system. Some examples are given below:
12 -> XII
95 -> XCV
78 -> LXXVIII
89 -> LXXXIX
31 -> XXXI
Now, write the number 31 in the Wonderland numeral system.
Please put your final answer inside `\boxed{}`. For example: `\boxed{your answer}`",
roman,06d1980f,XXX,,"In Alice's Wonderland, numbers are secretly converted into a different numeral system. Some examples are given below:
46 -> XLVI
31 -> XXXI
4 -> IV
5 -> V
10 -> X
Now, write the number 30 in the Wonderland numeral system.
Please put your final answer inside `\boxed{}`. For example: `\boxed{your answer}`",
symbol,04322d27,2891,,"In Alice's Wonderland, a secret set of transformation rules is applied to equations. Below are a few examples:
96$54 = 5184
50$41 = 2050
51$95 = 4845
89$47 = 4183
Now, determine the result for: 59$49
Please put your final answer inside `\boxed{}`. For example: `\boxed{your answer}`",
symbol,0505ab22,1499,,"In Alice's Wonderland, a secret set of transformation rules is applied to equations. Below are a few examples:
46!92 = 138
38-68 = 2583
57-16 = 911
51-33 = 1682
Now, determine the result for: 20-75
Please put your final answer inside `\boxed{}`. For example: `\boxed{your answer}`",
symbol,0a15c5c7,43,,"In Alice's Wonderland, a secret set of transformation rules is applied to equations. Below are a few examples:
46-02 = 44
84-62 = 22
01(33 = 133
46%92 = 39
Now, determine the result for: 79-36
Please put your final answer inside `\boxed{}`. For example: `\boxed{your answer}`",
symbol,0cd170a0,9814,,"In Alice's Wonderland, a secret set of transformation rules is applied to equations. Below are a few examples:
22:12 = 10
23:33 = :10
67^30 = 6730
71^79 = 7179
Now, determine the result for: 98^14
Please put your final answer inside `\boxed{}`. For example: `\boxed{your answer}`",
text,001c63cb,wizard creates secret,,"In Alice's Wonderland, secret encryption rules are used on text. Here are some examples:
wkgqa lsrqaq wneeke -> mouse chases mirror
wkgqa nwrjnvaq nv brmrla -> mouse imagines in palace
srppae oerhq gvoae wkgvprnv -> hatter draws under mountain
psa qaleap hncreo onqlkzaeq -> the secret wizard discovers
psa hnqa xneo earoq -> the wise bird reads
Now, decrypt the following text: hncreo learpaq qaleap
Please put your final answer inside `\boxed{}`. For example: `\boxed{your answer}`",
text,06f838d4,mouse watches through castle,,"In Alice's Wonderland, secret encryption rules are used on text. Here are some examples:
hye aoks heojyek gohjyeu -> the dark teacher watches
hye mvuhekdqbu sdln eifrqkeu -> the mysterious king explores
ordje uhbadeu hye uejkeh hkeoubke -> alice studies the secret treasure
kowwdh akogu leok gqlaekrola -> rabbit draws near wonderland
mqbue adujqxeku hye wkdnyh uhqkv -> mouse discovers the bright story
Now, decrypt the following text: mqbue gohjyeu hykqbny jouhre
Please put your final answer inside `\boxed{}`. For example: `\boxed{your answer}`",
text,079c8d4f,turtle dreams around ocean,,"In Alice's Wonderland, secret encryption rules are used on text. Here are some examples:
nwenuh vetqr nsh vtef nehtrweh -> turtle draws the dark treasure
qgjtev gbtpgxhr bty -> wizard imagines map
nsh iuhahe rnwvhxn rhhr -> the clever student sees
vetpkx vehtbr nsh vtef ptevhx -> dragon dreams the dark garden
nsh iwegkwr fgxp zkuukqr -> the curious king follows
Now, decrypt the following text: nwenuh vehtbr tekwxv kihtx
Please put your final answer inside `\boxed{}`. For example: `\boxed{your answer}`",
text,08ad3b0b,the silver cat reads,,"In Alice's Wonderland, secret encryption rules are used on text. Here are some examples:
gzm juqgdptnq mit anuhim edntqm -> cat discovers the bright forest
zlugt rzmgitq mit xzhugzl gzqmlt -> alice watches the magical castle
mtzgitn juqgdptnq mit xzhugzl mntzqknt -> teacher discovers the magical treasure
izmmtn edkoj mit qulptn gnvqmzl -> hatter found the silver crystal
mit gknudkq qmkjtom qmkjutq -> the curious student studies
Now, decrypt the following text: mit qulptn gzm ntzjq
Please put your final answer inside `\boxed{}`. For example: `\boxed{your answer}`",
unit,00208201,16.65,,"In Alice's Wonderland, a secret unit conversion is applied to measurements. For example:
10.08 m becomes 6.69
17.83 m becomes 11.83
35.85 m becomes 23.79
17.06 m becomes 11.32
31.54 m becomes 20.93
Now, convert the following measurement: 25.09 m
Please put your final answer inside `\boxed{}`. For example: `\boxed{your answer}`",
unit,006a46d3,19.00,,"In Alice's Wonderland, a secret unit conversion is applied to measurements. For example:
30.38 m becomes 52.95
41.16 m becomes 71.74
43.09 m becomes 75.10
23.73 m becomes 41.36
42.13 m becomes 73.43
Now, convert the following measurement: 10.9 m
Please put your final answer inside `\boxed{}`. For example: `\boxed{your answer}`",
unit,00d1932c,12.48,,"In Alice's Wonderland, a secret unit conversion is applied to measurements. For example:
42.94 m becomes 22.68
17.68 m becomes 9.34
46.96 m becomes 24.81
46.08 m becomes 24.34
31.21 m becomes 16.49
Now, convert the following measurement: 23.62 m
Please put your final answer inside `\boxed{}`. For example: `\boxed{your answer}`",
unit,01d96398,13.71,,"In Alice's Wonderland, a secret unit conversion is applied to measurements. For example:
18.41 m becomes 14.71
35.47 m becomes 28.35
40.62 m becomes 32.46
47.34 m becomes 37.83
45.18 m becomes 36.11
Now, convert the following measurement: 17.16 m
Please put your final answer inside `\boxed{}`. For example: `\boxed{your answer}`",
